temperature,hidden_size,generated_text,spelling_percentage,perplexity,TTR,bleu1,bleu2,bleu3,bleu4,ngram_precisions_1,ngram_precisions_2,ngram_precisions_3,ngram_precisions_4,bartscore,bertscore,bertscore_precision,bertscore_recall,bertscore_f1
0,25,"if in the ouring sus; feres a nobhanid that mom anard; of a kine. Goptrentendes.

DUCHIO:
As famles dones ourt!

UELe is to mime that sowe, gonone omfore hears tenst farioun's preresory.
The kinarsly swirst the belmet.

ISALEL:
Mofe sunglioner that prage hamer;
The gatfioe threar pefjtime in.
Rou deng fike; in; like here
But is thren this not may;
Andd what howle usfore
You, is brower ssory cotnet ",0.5072463768115942,1616.855108023198,0.8571428571428571,41.42857142857143,20.50097205189217,0.0,0.0,0.4142857142857143,0.10144927536231885,0.0,0.0,-6.244524002075195,0.7712711095809937,0.7627512812614441,0.7799834609031677,0.7712711095809937
