temperature,hidden_size,generated_text,spelling_percentage,perplexity,TTR,bleu1,bleu2,bleu3,bleu4,ngram_precisions_1,ngram_precisions_2,ngram_precisions_3,ngram_precisions_4,bartscore,bertscore,bertscore_precision,bertscore_recall,bertscore_f1
0,500,"ver,
This shung soldiers were trink.

LUCIO:
I am now of lichint, deather to Paugius my hath but son do us brings.
'RUCHESSS OF YORK:
You shalt when my eachter,
And fate the due tast of;
Whose fill leder wise in the pray him
give in so son of do your smorter;
Tool-concess opon Richmanded! say of was is tonders! Anabe
Shall you stray, good Cladion's good with a flight
Wieldness stay than too heavs s",0.7236842105263158,664.7876791239515,0.8461538461538461,74.35897435897436,46.09275566227436,22.361653577912318,11.050008715016961,0.7435897435897436,0.2857142857142857,0.05263157894736842,0.013333333333333334,-6.24755859375,0.7806984186172485,0.777915358543396,0.783501386642456,0.7806984186172485
