temperature,hidden_size,generated_text,spelling_percentage,perplexity,TTR,bleu1,bleu2,bleu3,bleu4,ngram_precisions_1,ngram_precisions_2,ngram_precisions_3,ngram_precisions_4,bartscore,bertscore,bertscore_precision,bertscore_recall,bertscore_f1
0,250,"me conquerl'd the
placts. O, our worse?

OXEONE:
But be morthor of you quraint in this dor my jrhonita sucion of city:
See,
You dum you! good surr on pople you by, then as your missess
Shall to nature one, my deels,-a oris,
Makns of mine of much to said not know thou look remose
Upon thou will lea you.

First Seaven:
FFirst Mupsired upair you of a kinding willed it you
hast not will jounts, sir, to",0.7564102564102564,436.3816269244972,0.7875,70.0,47.065803652096726,14.16137592296341,0.0,0.7,0.31645569620253167,0.01282051282051282,0.0,-6.195378303527832,0.7849707007408142,0.780745804309845,0.7892416715621948,0.7849707007408142
