temperature,hidden_size,generated_text,spelling_percentage,perplexity,TTR,bleu1,bleu2,bleu3,bleu4,ngram_precisions_1,ngram_precisions_2,ngram_precisions_3,ngram_precisions_4,bartscore,bertscore,bertscore_precision,bertscore_recall,bertscore_f1
0,50,"zed; Argues
With tell the and is'tt, it, lay to be,
That you, sweet inrtanted laves hile him this's groves
now, looked strickst, iful came, now; an tell give to he treme?
And brotigh, I homes, and kneed and from it me,
That say dyencey a mewerart? as, now,
And and beath a brotheet out to my chalt and striend:
And me lord will bandted drustred accuel stough enhwingenty he grand'st
we deadies hand bu",0.72,456.114443568991,0.782051282051282,67.94871794871796,44.06122945846997,13.66993795582715,0.0,0.6794871794871795,0.2857142857142857,0.013157894736842105,0.0,-6.339441776275635,0.7730941772460938,0.7736192345619202,0.7725698351860046,0.7730941772460938
