temperature,hidden_size,generated_text,spelling_percentage,perplexity,TTR,bleu1,bleu2,bleu3,bleu4,ngram_precisions_1,ngram_precisions_2,ngram_precisions_3,ngram_precisions_4,bartscore,bertscore,bertscore_precision,bertscore_recall,bertscore_f1
0,250,"S:
Maves to with thankst wavet, and those mistrehy you: sir, to sat'st murder onees:
You a means our my tranking out oninus.

LADY ANNE:
Come? marry stay it sconce' adack his father.

BUCHIO:
Hoald makes us say may a sollow Beentom?

PETRUCHIO:
Stew I not sits as me a mind: every' 'twarl.

MENENIUS:
A her I spoke me ill an eyes jiests:
To shall beom queen can heir hang called son speentions.
Come, ",0.6621621621621622,498.2883610343062,0.88,77.33333333333333,43.371431623605424,13.709708427025113,0.0,0.7733333333333333,0.24324324324324326,0.0136986301369863,0.0,-6.178818225860596,0.7935293912887573,0.7913554310798645,0.7957152724266052,0.7935293912887573
