temperature,hidden_size,generated_text,spelling_percentage,perplexity,TTR,bleu1,bleu2,bleu3,bleu4,ngram_precisions_1,ngram_precisions_2,ngram_precisions_3,ngram_precisions_4,bartscore,bertscore,bertscore_precision,bertscore_recall,bertscore_f1
0,500,"y. By: that live is leave
Parse withing I crossing opon talkly.

Provost:
For myself, or myselffer; I fortund know's
to behohly myself this streathing seel'd of treamful comes I worns,
Hath though nivile hast which how too dutter welcomes nower.

VINCENTIO:
Is this truen is his witham.

MENENIUS:
Sweet by, whe cucricler, evers or fast pray that those wead to gratituted
Wither know herings intine, a",0.6567164179104478,847.099644686812,0.8405797101449275,65.21739130434783,37.92913030681302,0.0,0.0,0.6521739130434783,0.22058823529411764,0.0,0.0,-6.150049209594727,0.7841978669166565,0.7820372581481934,0.7863703370094299,0.7841978669166565
