temperature,hidden_size,generated_text,spelling_percentage,perplexity,TTR,bleu1,bleu2,bleu3,bleu4,ngram_precisions_1,ngram_precisions_2,ngram_precisions_3,ngram_precisions_4,bartscore,bertscore,bertscore_precision,bertscore_recall,bertscore_f1
0,25,"-ar enm: hame
Wore comple so; one pre hoish a bray strain it Ave fraoke a an mamn
I his shad were, I wis, fasiqae evervel. whime Sster three go jy let pire it bloum to me.

SICINIUS:
Sead, quome comen heer, you cothan; done. Dwent, nistlior a parend on
Thi, done the anain of not the link; anvure baeal, terar brom thi hith mire Kame, periss; unput, rige with 'Gest.

DUCHESTE:
Gok in his of rose tond",0.5897435897435898,1555.0417706285507,0.8846153846153846,48.717948717948715,22.4980111601116,0.0,0.0,0.48717948717948717,0.1038961038961039,0.0,0.0,-6.2399582862854,0.7701007723808289,0.7548900842666626,0.7859370708465576,0.7701007723808289
