temperature,hidden_size,generated_text,spelling_percentage,perplexity,TTR,bleu1,bleu2,bleu3,bleu4,ngram_precisions_1,ngram_precisions_2,ngram_precisions_3,ngram_precisions_4,bartscore,bertscore,bertscore_precision,bertscore_recall,bertscore_f1
0,250,"ject the fines more breast in all the bland
That with mistress than thou hast me that you with mister with the will sent with the morning with the disposed with the sun the will the will her for the come and the dead,
I shall bear the blood with me well the come to my secress with the blands,
Which with the comes to his more not so fathers to his foul well with the mother since
What is my hands and",0.963855421686747,124.50222232928755,0.5783132530120482,93.97590361445783,73.39225942669641,34.170834298949046,0.0,0.9397590361445783,0.573170731707317,0.07407407407407407,0.0,-6.319228649139404,0.7706955671310425,0.7797608375549316,0.7618386745452881,0.7706955671310425
