temperature,hidden_size,generated_text,spelling_percentage,perplexity,TTR,bleu1,bleu2,bleu3,bleu4,ngram_precisions_1,ngram_precisions_2,ngram_precisions_3,ngram_precisions_4,bartscore,bertscore,bertscore_precision,bertscore_recall,bertscore_f1
0,50,"HAllay's chetues:
At have your griinds not stay;
Beey in the smocks his be every, anfortiom;
For sone of me to doth'd worth from my
come and ish in pont! Art like
For unther of chaugh'd, backes;
That fird dous with as hoccord, you such think an-rate,
To go han much hold and by with glarwless, and for I hass,
My no contizenck you; our caspeeds and brother
Thee by entinous yut fourse there of greep t",0.6883116883116883,615.0413342170918,0.8271604938271605,70.37037037037037,39.79112128771107,12.608064479725634,0.0,0.7037037037037037,0.225,0.012658227848101266,0.0,-6.2990288734436035,0.765102207660675,0.7658922076225281,0.7643138766288757,0.765102207660675
