temperature,hidden_size,generated_text,spelling_percentage,perplexity,TTR,bleu1,bleu2,bleu3,bleu4,ngram_precisions_1,ngram_precisions_2,ngram_precisions_3,ngram_precisions_4,bartscore,bertscore,bertscore_precision,bertscore_recall,bertscore_f1
0,50,"
The man heart the come and be and and be man and and the she shall and the many the man and and the many be me the man of the man and and the world the come and be and the she see and be many be and be and be she world she serve the come the she world she world she shall be and be and the many of and be mean
The see with the serve the man the see and strick the worth of heart.

DUKE OF YORK:
The s",0.9789473684210527,150.50203102637752,0.22105263157894736,98.94736842105263,78.13618341008689,37.448734155806136,18.381815331642713,0.9894736842105263,0.6170212765957447,0.08602150537634409,0.021739130434782608,-6.400504112243652,0.756551206111908,0.7475066184997559,0.7658173441886902,0.756551206111908
