temperature,hidden_size,generated_text,spelling_percentage,perplexity,TTR,bleu1,bleu2,bleu3,bleu4,ngram_precisions_1,ngram_precisions_2,ngram_precisions_3,ngram_precisions_4,bartscore,bertscore,bertscore_precision,bertscore_recall,bertscore_f1
0,25,"pe.

CAIO:
My frous: anm's lately.

KING MARCINWANSlI:
Upate in right greet thould to thould opting me busers, bue; on
no mians enest of Graer
In fright igh you wikarer'd
Ach way prut, grarwer, briin not cutcety.

TOLO:
Pulder. Bry my me a pleat Solant; her words griss whaile, thine
Brespreing. Baust make. Filt.
Priccled of shall tooff; I samar prind Eprave this pron hight.

Micgen he panow:
It I d",0.5211267605633803,1812.7577474488478,0.9041095890410958,46.57534246575342,16.085767081103686,0.0,0.0,0.4657534246575342,0.05555555555555555,0.0,0.0,-6.2202982902526855,0.7811038494110107,0.772358238697052,0.7900499105453491,0.7811038494110107
