temperature,hidden_size,generated_text,spelling_percentage,perplexity,TTR,bleu1,bleu2,bleu3,bleu4,ngram_precisions_1,ngram_precisions_2,ngram_precisions_3,ngram_precisions_4,bartscore,bertscore,bertscore_precision,bertscore_recall,bertscore_f1
0,500,"--
Reenor, at as away stormity;
O, a his very vain's blacged in twongs; God, to them,
Will with in a say 'sir.

KING RICHARD LUCIO:
I pray good to our to singent Godr: be therefore,
Howe folly follood his provoved too naster
Toor bestance of us it.
No, good know, this sword shall liges upon doth stir.

Thirds!

MIRANDA:
Whelt, her breaser shall fudy on thy wink, and I.

COLINGBEHAND:
I faughterly; ",0.684931506849315,396.30733048416926,0.8767123287671232,75.34246575342466,50.11402523360257,0.0,0.0,0.7534246575342466,0.3333333333333333,0.0,0.0,-6.145205974578857,0.7935758829116821,0.794390082359314,0.792763352394104,0.7935758829116821
