temperature,hidden_size,generated_text,spelling_percentage,perplexity,TTR,bleu1,bleu2,bleu3,bleu4,ngram_precisions_1,ngram_precisions_2,ngram_precisions_3,ngram_precisions_4,bartscore,bertscore,bertscore_precision,bertscore_recall,bertscore_f1
0,50,"re shall there so lord in him.

PETRUCHIO:
Her the concrecher and here myself, seen, and hand were not, son, the go mark of her,
I done in me and be hast be to canted he will the more
And with he blood for the beastering so be have not there of see the was
There the carting instalf me, mare of the a ment
day the braty, there bestertains.

SAMPON ELAST:

DUKE OF YORK:
A chantering of your cannot be ",0.8765432098765432,170.55340015416553,0.6585365853658537,85.18518518518519,62.76794416591016,27.120825412434023,0.0,0.8518518518518519,0.4625,0.05063291139240506,0.0,-6.191094398498535,0.7870103716850281,0.7849655151367188,0.7890660166740417,0.7870103716850281
