temperature,hidden_size,generated_text,spelling_percentage,perplexity,TTR,bleu1,bleu2,bleu3,bleu4,ngram_precisions_1,ngram_precisions_2,ngram_precisions_3,ngram_precisions_4,bartscore,bertscore,bertscore_precision,bertscore_recall,bertscore_f1
0,50,"stulieves me thou mause! I I this soke shout Uart.

S ispottersCFissing:
And what 'tis wee, in theured lonten bedort with this bote: the here, and and,
Think to new my?  this is biint meeful you,
To anim newstight for mucaly fear resewn me is you,
Which willty with at should 'twencay noth and be nots with of nobles you mean,
most, 'treward peac-minger.

Comelsir:
Thou to them. Lelver footes lord, t",0.6527777777777778,519.1192538679504,0.7945205479452054,64.38356164383562,40.119683960568416,0.0,0.0,0.6438356164383562,0.25,0.0,0.0,-6.227250099182129,0.7805416584014893,0.7771140933036804,0.7839995622634888,0.7805416584014893
