temperature,hidden_size,generated_text,spelling_percentage,perplexity,TTR,bleu1,bleu2,bleu3,bleu4,ngram_precisions_1,ngram_precisions_2,ngram_precisions_3,ngram_precisions_4,bartscore,bertscore,bertscore_precision,bertscore_recall,bertscore_f1
0,500,"& news?
Too your comes soor that to her togest you
From any like stand breath as beginst my from his san,
For if thousand any her bound, and not, for to call'd I doth denaters blood,
Hath shall worthan still. Geor's to provil upon
What in your live un my woost do myself of from a come in ear's hath cry him:
Lest face of this stand you so great and matter:
Were her drunks with hath is some fearful g",0.8536585365853658,464.84050027257047,0.7857142857142857,88.09523809523809,57.361172176277954,0.0,0.0,0.8809523809523809,0.37349397590361444,0.0,0.0,-6.253121852874756,0.7747176289558411,0.7843316197395325,0.7653364539146423,0.7747176289558411
