temperature,hidden_size,generated_text,spelling_percentage,perplexity,TTR,bleu1,bleu2,bleu3,bleu4,ngram_precisions_1,ngram_precisions_2,ngram_precisions_3,ngram_precisions_4,bartscore,bertscore,bertscore_precision,bertscore_recall,bertscore_f1
0,50,"pent, hears, the seen of here and son the can be world and man of my be and a world and be world have the so be a wranging to strick
The was the such the was of best the peation, she was of and so and and stree of born heart,
And stritter and shall be marrince hand a mart the grour and a shall
Where so shall and heart, my cannot world a cannot be
Where the granch of my come the worth of and a man a",0.9222222222222223,256.62881734964185,0.41304347826086957,91.11111111111111,67.11460003663437,29.469568825535795,0.0,0.9111111111111111,0.4943820224719101,0.056818181818181816,0.0,-6.518562316894531,0.7544275522232056,0.7542381882667542,0.7546170353889465,0.7544275522232056
