temperature,hidden_size,generated_text,spelling_percentage,perplexity,TTR,bleu1,bleu2,bleu3,bleu4,ngram_precisions_1,ngram_precisions_2,ngram_precisions_3,ngram_precisions_4,bartscore,bertscore,bertscore_precision,bertscore_recall,bertscore_f1
0,50,"vess of intell,
The shet there can by deady word.
And stall not of you have of thee now
But I by would thou men home of hate anting.

Seportint:
And brain thee, what shall:
You hath he's of should creacle in the brotity,
And fetch'd bouse your sur.

PRAND AD WARDow WI:
It not fearth, some more-trame, theind that sidy thou me,
To bray intent you instogeant:
As should hown it and manam, entilly as
As",0.7142857142857143,474.95341875313164,0.775,73.75,50.205274824993886,21.32267970023806,0.0,0.7375,0.34177215189873417,0.038461538461538464,0.0,-6.248441219329834,0.7858149409294128,0.7875131964683533,0.7841240167617798,0.7858149409294128
