temperature,hidden_size,generated_text,spelling_percentage,perplexity,TTR,bleu1,bleu2,bleu3,bleu4,ngram_precisions_1,ngram_precisions_2,ngram_precisions_3,ngram_precisions_4,bartscore,bertscore,bertscore_precision,bertscore_recall,bertscore_f1
0,250,",
By Subcount, and well the subjeces, she's govert than thou this noble.

QUEEN:
The ears, make your base, and not of his county and go the was well,
Althure worth at though spit friends, make our noble soldiers with you.

LUCIO:
Though more you morald thou of this might no body,
Why call, me not deplied.

GRUMIO:
My so do stray to mindly night:
O, he, come, he's great whom being brand;
But with me",0.8289473684210527,141.3965907629051,0.7792207792207793,90.9090909090909,69.17144638660746,23.367243385657112,0.0,0.9090909090909091,0.5263157894736842,0.02666666666666667,0.0,-6.17402982711792,0.7967844605445862,0.8001132011413574,0.7934832572937012,0.7967844605445862
