temperature,hidden_size,generated_text,spelling_percentage,perplexity,TTR,bleu1,bleu2,bleu3,bleu4,ngram_precisions_1,ngram_precisions_2,ngram_precisions_3,ngram_precisions_4,bartscore,bertscore,bertscore_precision,bertscore_recall,bertscore_f1
0,250,"HAM:
Now, I have the worse to be go age.

LADY ANNE:
What he have before you well you and they world, as him,
For what will thou own than a sister, and with a man'd thou soles
To come, will a mill'd on the heaven to country,
To fires that the subject in the time.

HERMIONE:
Makes it he would will go is the head, I am the desire.

CATESBALET:
Now with me all be bears, and news, the mother, surain me",0.927710843373494,69.5778564241062,0.6823529411764706,96.47058823529412,78.018169254947,43.208451361436154,0.0,0.9647058823529412,0.6309523809523809,0.13253012048192772,0.0,-6.2266106605529785,0.7989940643310547,0.8050711154937744,0.7930080890655518,0.7989940643310547
