temperature,hidden_size,generated_text,spelling_percentage,perplexity,TTR,bleu1,bleu2,bleu3,bleu4,ngram_precisions_1,ngram_precisions_2,ngram_precisions_3,ngram_precisions_4,bartscore,bertscore,bertscore_precision,bertscore_recall,bertscore_f1
0,500,":
And shows to he would have more to come to him sorrow.

BUCKINGHAM:
Where we to the prince, the world of the father.

LUCIO:
O, where I would the world to the good death of the wards to the word to stay
And that it so some would be a to the fair in my lords we to him
I am we most son to sir, thou hath some words stand as it.

DUKE OF AUMERLE:
O, my lord, and the will he would dead me to me any sa",0.9560439560439561,35.33110998204491,0.5888888888888889,98.88888888888889,82.99933065325821,50.03364738565964,19.479006812763647,0.9888888888888889,0.6966292134831461,0.18181818181818182,0.011494252873563218,-6.178830623626709,0.7958992719650269,0.7989484071731567,0.7928733229637146,0.7958992719650269
