temperature,hidden_size,generated_text,spelling_percentage,perplexity,TTR,bleu1,bleu2,bleu3,bleu4,ngram_precisions_1,ngram_precisions_2,ngram_precisions_3,ngram_precisions_4,bartscore,bertscore,bertscore_precision,bertscore_recall,bertscore_f1
0,25,"R schour, then thitl
Sy wrien; what iine: beefore in to man with hish an'ln the warinter an my moran.

COMPUS:
when same in ky is his pracursice
Beavaw leme, but.

CAMPELO:
Has Kan mur, glant.

KING COLIVEO:
O.
Hen hounce.

GRENESTERK:
And the livon
For men which aly of them dime hooname with I comle edolent trasuch your eme offurs to so known
The wnear an unmy mensenter, fulle?

VILL II:
Come:
Is ",0.6081081081081081,1292.7647835296973,0.8933333333333333,53.333333333333336,25.468581598680533,0.0,0.0,0.5333333333333333,0.12162162162162163,0.0,0.0,-6.166517734527588,0.7831671237945557,0.7771171927452087,0.7893121242523193,0.7831671237945557
