temperature,hidden_size,generated_text,spelling_percentage,perplexity,TTR,bleu1,bleu2,bleu3,bleu4,ngram_precisions_1,ngram_precisions_2,ngram_precisions_3,ngram_precisions_4,bartscore,bertscore,bertscore_precision,bertscore_recall,bertscore_f1
0,25,"juund I mad, it seavest my so coff
Mare capnips thee wirth not len imaiunt an therither not troun prean miept we homed my the there my my sheir havint
Mord
Cinch.

GRUMIO:
Mister I sportae prevenen a pronour brome a wind; for to her, sir I man himes.
And thin to a now darke his your me.

CLARDUCSIO:
In stan no prothis.

ROKKAR:
Anse of tood, be that dever a dale, your in haldles
No bear, that sing ",0.6835443037974683,870.754998888141,0.8227848101265823,58.22784810126582,24.437853802544144,0.0,0.0,0.5822784810126582,0.10256410256410256,0.0,0.0,-6.224733352661133,0.7774397134780884,0.7708039283752441,0.7841906547546387,0.7774397134780884
