temperature,hidden_size,generated_text,spelling_percentage,perplexity,TTR,bleu1,bleu2,bleu3,bleu4,ngram_precisions_1,ngram_precisions_2,ngram_precisions_3,ngram_precisions_4,bartscore,bertscore,bertscore_precision,bertscore_recall,bertscore_f1
0,500,"
To true not shell ar I was in him her proud in the guod father.

KING RICHARD II:
Are you fair your more tonguen enemany metal
Iriast will caught together! ow this voursed aside
Farrned you shreath-father life.
What in the ly, me ustir.

BAPTISTA:
I speak us sir, the most of our virtue life.
If 'RUKighbooth, world, to saw.
Told four. Thou crush rather proce.

GLONZALTA:
Go be it to hore, livity?

",0.7945205479452054,305.07856724807607,0.8648648648648649,78.37837837837837,52.83520305600842,19.79314260385145,0.0,0.7837837837837838,0.3561643835616438,0.027777777777777776,0.0,-6.189723491668701,0.7942721247673035,0.7908260822296143,0.7977482080459595,0.7942721247673035
