temperature,hidden_size,generated_text,spelling_percentage,perplexity,TTR,bleu1,bleu2,bleu3,bleu4,ngram_precisions_1,ngram_precisions_2,ngram_precisions_3,ngram_precisions_4,bartscore,bertscore,bertscore_precision,bertscore_recall,bertscore_f1
0,500,"wall of myself would love any with her could daughter's hath lord.

KING RICHARD II:
No, fair, sir, if which not the bourse strait his head
He was stand your did not hath see, to the proud thee of an one
In the prince in too true sacred in heart,
Because in matter storm'd for you will him.

AUFIDIUS:
My lord in was herefore
He word and stay'd welcome one from us we more say.

Provost:
Soot to the d",0.9125,148.558404083755,0.7951807228915663,96.3855421686747,69.42101345006233,30.98529449111309,13.886545591773189,0.963855421686747,0.5,0.06172839506172839,0.0125,-6.1324076652526855,0.7984517812728882,0.8009199500083923,0.795998752117157,0.7984517812728882
