temperature,hidden_size,generated_text,spelling_percentage,perplexity,TTR,bleu1,bleu2,bleu3,bleu4,ngram_precisions_1,ngram_precisions_2,ngram_precisions_3,ngram_precisions_4,bartscore,bertscore,bertscore_precision,bertscore_recall,bertscore_f1
0,500,"The save any--Lord as that in richot; lelse one Claud; what, I'll-straction.

ANGELO:
That 'sIGle of gland gland uppres!
And not store show of Citizen's finds
As you tongues most gealth of say.

GLOUCESTER:
Athee, repears wost swaughteless the vile the slorgard.

DUKE OF ELWARWINA:
Come death, in thou.

Tidest naw their hourselved to-nade.

DUKE VINCENTIO:
Yes, as I half were you are myself with go",0.696969696969697,412.0909789471838,0.8169014084507042,73.23943661971832,43.397002186703595,0.0,0.0,0.7323943661971831,0.2571428571428571,0.0,0.0,-6.184829235076904,0.7908709645271301,0.7872798442840576,0.7944949865341187,0.7908709645271301
