temperature,hidden_size,generated_text,spelling_percentage,perplexity,TTR,bleu1,bleu2,bleu3,bleu4,ngram_precisions_1,ngram_precisions_2,ngram_precisions_3,ngram_precisions_4,bartscore,bertscore,bertscore_precision,bertscore_recall,bertscore_f1
0,25,"eces in.

KING RHIAN hlowe
Whear thy flain, thum: awpen this unteld theearright, ssozes
Con't a mary, is thlaze.

ISABAS:
I mace govers.

KING ORK:
In hearpe, word;
And dothert. Kralt thous hoir.

VIRLIO:
youns be I much there ssowf
Thy bis-suis five giad year her Kontot,
Wappand's destry zend rud, musorems fill int
For, an'c mest, thi mout Gilks, hreg, thou her
Sear. Herrod haird then my the glelr",0.4714285714285714,1493.8161925324766,0.9324324324324325,45.94594594594595,20.98993958698393,0.0,0.0,0.4594594594594595,0.0958904109589041,0.0,0.0,-6.236456394195557,0.7774790525436401,0.7669225335121155,0.7883301973342896,0.7774790525436401
