temperature,hidden_size,generated_text,spelling_percentage,perplexity,TTR,bleu1,bleu2,bleu3,bleu4,ngram_precisions_1,ngram_precisions_2,ngram_precisions_3,ngram_precisions_4,bartscore,bertscore,bertscore_precision,bertscore_recall,bertscore_f1
0,50,"nt they stray sitioo,
Where-He you, I have, these! but havestrace ue!

COMINIUS:
Too farsition,
For you, if bran of the thee, and against. You are such the fiar;
Sut, ifner offerte'ity was dime of he,
Jare of like, nor and fliking soul: on hae, detue, is of her
When peap you long meet hew my breson of entrord;
That of doo- of it ploo, his for reen not let
onquoo, the odds you;
und-to merth the peas",0.6794871794871795,412.73021875575773,0.8024691358024691,69.1358024691358,41.5739709641549,0.0,0.0,0.691358024691358,0.25,0.0,0.0,-6.180552959442139,0.7817766666412354,0.7807715535163879,0.7827843427658081,0.7817766666412354
