temperature,hidden_size,generated_text,spelling_percentage,perplexity,TTR,bleu1,bleu2,bleu3,bleu4,ngram_precisions_1,ngram_precisions_2,ngram_precisions_3,ngram_precisions_4,bartscore,bertscore,bertscore_precision,bertscore_recall,bertscore_f1
0,250,"DOWBOW:
Hear Nor muths, thrivow, thest Musices, be not to pood thou should to them
Against cance too may bidm's now to comes,
I will not you it to have away effeat,
But in the stay, in Londis her;
You had into gods to her cre,
You gring me will dead our mest-that hots.

SOMPRS:
Makence when he that it o'er a' clouded pitter.

LADY BALINGU:
BEOH:
Becar, I am likely we are neat whetell make crewy in ",0.7307692307692307,450.40218204418164,0.8271604938271605,72.8395061728395,51.385134998026736,28.601050455544442,13.160210544603371,0.7283950617283951,0.3625,0.08860759493670886,0.01282051282051282,-6.27469539642334,0.7905718088150024,0.789357602596283,0.7917898297309875,0.7905718088150024
