temperature,hidden_size,generated_text,spelling_percentage,perplexity,TTR,bleu1,bleu2,bleu3,bleu4,ngram_precisions_1,ngram_precisions_2,ngram_precisions_3,ngram_precisions_4,bartscore,bertscore,bertscore_precision,bertscore_recall,bertscore_f1
0,500,"ful an in the father to my daughter and son to the souls of the world.

LUCIO:
I have not so life of the life,
The souls to the provost to the world of him to the like an inder to he was to the world to my son.

LUCIO:
I am the shall so so like a shall of him some so some father to him to the like an in the souls of the world to my death,
And thou shall the shall not shall to the souls of him to hi",0.9787234042553191,43.144611240484124,0.3404255319148936,96.80851063829788,87.7669800208033,58.572699656127504,0.0,0.9680851063829787,0.7956989247311828,0.2608695652173913,0.0,-6.239062309265137,0.7798687219619751,0.773093044757843,0.7867642641067505,0.7798687219619751
