temperature,hidden_size,generated_text,spelling_percentage,perplexity,TTR,bleu1,bleu2,bleu3,bleu4,ngram_precisions_1,ngram_precisions_2,ngram_precisions_3,ngram_precisions_4,bartscore,bertscore,bertscore_precision,bertscore_recall,bertscore_f1
0,50,"NIS:
A the curbengenous, o derepconkers, Perain, see yead sterpon the kions there froth an
tink r excelcicues, bous,'d absibain; as destew my vingering of not:
And proved points quy elpany soon.

FRIAR:

Nuyd Turnt:
As thou den; my will and the his den, and quend:
How whose me blietion oncely in wistle to man
us more murdicitish I worl
us! the facled Ploust of banch;
And banvy of when I eut., the r",0.5675675675675675,814.7770293322161,0.8,62.66666666666667,24.347336461978607,9.329535428144661,0.0,0.6266666666666667,0.0945945945945946,0.0136986301369863,0.0,-6.240673542022705,0.7743231654167175,0.7663863301277161,0.782426118850708,0.7743231654167175
