temperature,hidden_size,generated_text,spelling_percentage,perplexity,TTR,bleu1,bleu2,bleu3,bleu4,ngram_precisions_1,ngram_precisions_2,ngram_precisions_3,ngram_precisions_4,bartscore,bertscore,bertscore_precision,bertscore_recall,bertscore_f1
0,25,"qour and in she sour by burny premester to the dother of her bir hall we saurs.

KING ERCABAD II:
Which and will shall the desper here it some, I wereren with me.

LUMIO:
Thy a maily our wisst have in hall the say and precomes his the prom and maint her for her my loather, sir she sount, him himer his lord.

DUKE VINCENSIO:
What this me.

GREMIO:

ISALUS:
Or on and her hall sant a was so to senst.
",0.7407407407407407,465.47218794092436,0.7777777777777778,72.8395061728395,44.75585346916184,17.180436631277463,0.0,0.7283950617283951,0.275,0.02531645569620253,0.0,-6.1954474449157715,0.7881470322608948,0.7870339751243591,0.7892633080482483,0.7881470322608948
