temperature,hidden_size,generated_text,spelling_percentage,perplexity,TTR,bleu1,bleu2,bleu3,bleu4,ngram_precisions_1,ngram_precisions_2,ngram_precisions_3,ngram_precisions_4,bartscore,bertscore,bertscore_precision,bertscore_recall,bertscore_f1
0,250,"Was id Parchaspent; we comesing of Ningnain, or the break tweaper,
Wors Rome, shape is modest hastou and for new-death though
Metent thou day you world.

EXETER:
Psfancidy menec regions they thank, say France 'What? I grughter uppoomon of guilt op frame:
I wor you it ho!

GLile:
That Ruchmet; to shall hangingly the goy creft to not?
What thou in anciousony Lock have bemnable be gone
Bestangle fight",0.6811594202898551,928.5613396471441,0.9,68.57142857142857,34.53326778413725,12.059301315859665,0.0,0.6857142857142857,0.17391304347826086,0.014705882352941176,0.0,-6.174829483032227,0.7819969058036804,0.7789410352706909,0.7850768566131592,0.7819969058036804
