temperature,hidden_size,generated_text,spelling_percentage,perplexity,TTR,bleu1,bleu2,bleu3,bleu4,ngram_precisions_1,ngram_precisions_2,ngram_precisions_3,ngram_precisions_4,bartscore,bertscore,bertscore_precision,bertscore_recall,bertscore_f1
0,250,", weak you.

Gave
My lord Isable it you a haa god moke; lea, nower our warrant you poorience bist?

CLARTIUS:
You when Woo your fly carely
I let me bl not discas love flies, the come blest time
What a stooder?' Heep against that is in my good blincestoo, good
Caving payor, is all have baily unfestivish
Than her frown.

SCOLINGBROKE:
If thou! buting to that you have seny
Up rest, for likes, thy ashi",0.7631578947368421,582.1589363946762,0.8666666666666667,70.66666666666667,46.86572731107879,18.188879788347442,0.0,0.7066666666666667,0.3108108108108108,0.0273972602739726,0.0,-6.17753791809082,0.7895594239234924,0.7875816226005554,0.7915472984313965,0.7895594239234924
